<?xml version="1.0" encoding="UTF-8"?>
<LicenseDataFile xmlns="http://www.ericsson.se/oss/shm/ldf/" xmlns:xsi="http://www.w3.org/2001/XMLSchema-instance" xsi:schemaLocation="http://www.ericsson.se/oss/shm/ldf/ LicenseDataFile.xsd">
<Body>
<LicenseKeyFileName>NR01gNodeBRadio00003_fp_190925_163502.xml</LicenseKeyFileName>
<TargetNodeType>Baseband</TargetNodeType>
<Fingerprint print="NR01gNodeBRadio00003_fp"/>
<SequenceNumber>1015</SequenceNumber>
<Generated>2019-09-25T16:35:02</Generated>
<LicenseKey id="CXC4040014">
<Type>FEATURE</Type>
<Description>EthernetOamService</Description>
<value>1</value>
<start>2019-09-24</start>
<stop/>
</LicenseKey>
<LicenseKey id="CXC4011823">
<Type>FEATURE</Type>
<Description>VirtualRouters</Description>
<value>1</value>
<start>2019-09-24</start>
<stop/>
</LicenseKey>
<LicenseKey id="CXC4040005">
<Type>FEATURE</Type>
<Description>Egress IP Traffic Shaping</Description>
<value>1</value>
<start>2019-09-24</start>
<stop/>
</LicenseKey>
<LicenseKey id="CXC4012052">
<Type>FEATURE</Type>
<Description>CpriCompressionWithBasebandR</Description>
<value>1</value>
<start>2019-09-24</start>
<stop/>
</LicenseKey>
<LicenseKey id="CXC4040013">
<Type>FEATURE</Type>
<Description>Ip Flow Monitoring</Description>
<value>1</value>
<start>2019-09-24</start>
<stop/>
</LicenseKey>
<LicenseKey id="CXC4011809">
<Type>FEATURE</Type>
<Description>MulticabinetControl</Description>
<value>1</value>
<start>2019-09-24</start>
<stop/>
</LicenseKey>
<LicenseKey id="CXC4040018">
<Type>FEATURE</Type>
<Description>IEEE1588 Boundary Clock</Description>
<value>1</value>
<start>2019-09-24</start>
<stop/>
</LicenseKey>
<LicenseKey id="CXC4012051">
<Type>FEATURE</Type>
<Description>CpriCompression</Description>
<value>1</value>
<start>2019-09-24</start>
<stop/>
</LicenseKey>
<LicenseKey id="CXC4012104">
<Type>FEATURE</Type>
<Description>AssistedTimeHoldOver</Description>
<value>1</value>
<start>2019-09-24</start>
<stop/>
</LicenseKey>
<LicenseKey id="CXC4040006">
<Type>FEATURE</Type>
<Description>IPv6 Backhaul Support</Description>
<value>1</value>
<start>2019-09-24</start>
<stop/>
</LicenseKey>
<LicenseKey id="CXC4011838">
<Type>FEATURE</Type>
<Description>10GEPortCapability</Description>
<value>1</value>
<start>2019-09-24</start>
<stop/>
</LicenseKey>
<LicenseKey id="CXC4012022">
<Type>FEATURE</Type>
<Description>TransportPathCharMonitoring</Description>
<value>1</value>
<start>2019-09-24</start>
<stop/>
</LicenseKey>
<LicenseKey id="CXC4040008">
<Type>FEATURE</Type>
<Description>IEEE1588 Time and Phase Synchronization</Description>
<value>1</value>
<start>2019-09-24</start>
<stop/>
</LicenseKey>
<LicenseKey id="CXC4040007">
<Type>FEATURE</Type>
<Description>IEEE1588 Frequency Synchronization</Description>
<value>1</value>
<start>2019-09-24</start>
<stop/>
</LicenseKey>
<LicenseKey id="CXC4040016">
<Type>FEATURE</Type>
<Description>TwampInitiator</Description>
<value>1</value>
<start>2019-09-24</start>
<stop/>
</LicenseKey>
<LicenseKey id="CXC4040019">
<Type>FEATURE</Type>
<Description>MultipleGnssSupport</Description>
<value>1</value>
<start>2019-09-24</start>
<stop/>
</LicenseKey>
<LicenseKey id="CXC4040004">
<Type>FEATURE</Type>
<Description>IPsec</Description>
<value>1</value>
<start>2019-09-24</start>
<stop/>
</LicenseKey>
<LicenseKey id="CXC4012291">
<Type>CAPACITY</Type>
<Description>NR25+25MHzSectorCarrier</Description>
<value>-1</value>
<start>2019-09-24</start>
<stop/>
</LicenseKey>
<LicenseKey id="CXC4012325">
<Type>FEATURE</Type>
<Description>StreamingOfPmEvents</Description>
<value>1</value>
<start>2019-09-24</start>
<stop/>
</LicenseKey>
<LicenseKey id="CXC4011710">
<Type>FEATURE</Type>
<Description>RANGrandMaster</Description>
<value>1</value>
<start>2019-09-24</start>
<stop/>
</LicenseKey>
<LicenseKey id="CXC4011915">
<Type>FEATURE</Type>
<Description>MultipleEthernetPorts</Description>
<value>1</value>
<start>2019-09-24</start>
<stop/>
</LicenseKey>
<LicenseKey id="CXC4011707">
<Type>FEATURE</Type>
<Description>BidirectionalFWDetection</Description>
<value>1</value>
<start>2019-09-24</start>
<stop/>
</LicenseKey>
<LicenseKey id="CXC4011649">
<Type>FEATURE</Type>
<Description>OSPFv2</Description>
<value>1</value>
<start>2019-09-24</start>
<stop/>
</LicenseKey>
<LicenseKey id="CXC4040002">
<Type>FEATURE</Type>
<Description>Ethernet Link Aggregation</Description>
<value>1</value>
<start>2019-09-24</start>
<stop/>
</LicenseKey>
<LicenseKey id="CXC4040009">
<Type>FEATURE</Type>
<Description>Two-Way Active Measurement Protocol Responder</Description>
<value>1</value>
<start>2019-09-24</start>
<stop/>
</LicenseKey>
<LicenseKey id="CXC4040011">
<Type>FEATURE</Type>
<Description>Synchronous Ethernet</Description>
<value>1</value>
<start>2019-09-24</start>
<stop/>
</LicenseKey>
<LicenseKey id="CXC4012273">
<Type>FEATURE</Type>
<Description>LTE-NRDLAggregation</Description>
<value>1</value>
<start>2019-09-24</start>
<stop/>
</LicenseKey>
<LicenseKey id="CXC4040010">
<Type>FEATURE</Type>
<Description>RealTimeSecurity</Description>
<value>1</value>
<start>2019-09-24</start>
<stop/>
</LicenseKey>
<LicenseKey id="CXC4012131">
<Type>FEATURE</Type>
<Description>PacketCapture</Description>
<value>1</value>
<start>2019-09-24</start>
<stop/>
</LicenseKey>
<LicenseKey id="CXC4012085">
<Type>CAPACITY</Type>
<Description>ExpansionHwacBb6630UtilityMod</Description>
<value>19</value>
<start>2019-09-24</start>
<stop/>
</LicenseKey>
<LicenseKey id="CXC4012084">
<Type>CAPACITY</Type>
<Description>InitialHwacBb6630UtilityModule</Description>
<value>1</value>
<start>2019-09-24</start>
<stop/>
</LicenseKey>
<LicenseKey id="CXC4010625">
<Type>CAPACITY</Type>
<Description>HWAC for Output power 20W to 40W</Description>
<value>0</value>
<start>2019-09-24</start>
<stop/>
</LicenseKey>
<LicenseKey id="CXC4010626">
<Type>CAPACITY</Type>
<Description>HWAC for Output power 40W to 60W</Description>
<value>0</value>
<start>2019-09-24</start>
<stop/>
</LicenseKey>
<LicenseKey id="CXC4011161">
<Type>CAPACITY</Type>
<Description>HWAC for Output Power 60W to 80W</Description>
<value>0</value>
<start>2019-09-24</start>
<stop/>
</LicenseKey>
<LicenseKey id="CXC4011162">
<Type>CAPACITY</Type>
<Description>HWAC for Output Power 80W to 100W</Description>
<value>0</value>
<start>2019-09-24</start>
<stop/>
</LicenseKey>
<LicenseKey id="CXC4011182">
<Type>CAPACITY</Type>
<Description>HWAC for Output Power 100W to 120W</Description>
<value>0</value>
<start>2019-09-24</start>
<stop/>
</LicenseKey>
<LicenseKey id="CXC4011620">
<Type>CAPACITY</Type>
<Description>HWAC for Output Power 120W to 140W</Description>
<value>0</value>
<start>2019-09-24</start>
<stop/>
</LicenseKey>
<LicenseKey id="CXC4011621">
<Type>CAPACITY</Type>
<Description>HWAC for Output Power 140W to 160W</Description>
<value>0</value>
<start>2019-09-24</start>
<stop/>
</LicenseKey>
<LicenseKey id="CXC4012084">
<Type>CAPACITY</Type>
<Description>InitialHwacBb6630UtilityModule</Description>
<value>0</value>
<start>2019-09-24</start>
<stop/>
</LicenseKey>
<LicenseKey id="CXC4012085">
<Type>CAPACITY</Type>
<Description>ExpansionHwacBb6630UtilityMod</Description>
<value>0</value>
<start>2019-09-24</start>
<stop/>
</LicenseKey>
<LicenseKey id="CXC4012134">
<Type>CAPACITY</Type>
<Description>HWACOutputPower160WTo180W</Description>
<value>0</value>
<start>2019-09-24</start>
<stop/>
</LicenseKey>
<LicenseKey id="CXC4012135">
<Type>CAPACITY</Type>
<Description>HWACOutputPower180WTo200W</Description>
<value>0</value>
<start>2019-09-24</start>
<stop/>
</LicenseKey>
<LicenseKey id="CXC4012204">
<Type>CAPACITY</Type>
<Description>BeamformingFor64TAdvancedAir</Description>
<value>0</value>
<start>2019-09-24</start>
<stop/>
</LicenseKey>
<LicenseKey id="CXC4012283">
<Type>CAPACITY</Type>
<Description>NRAASTDDChannelBandwidth10MHz</Description>
<value>0</value>
<start>2019-09-24</start>
<stop/>
</LicenseKey>
<LicenseKey id="CXC4012338">
<Type>CAPACITY</Type>
<Description>OutputPower20WStep</Description>
<value>0</value>
<start>2019-09-24</start>
<stop/>
</LicenseKey>
</Body>
<Signature>cc89b08536fcdffc8065f9e77d4fed3a</Signature>
</LicenseDataFile>
